{"global_step": 999790, "_timestamp": 1717666118.4877791, "rollout/ep_len_mean": 1000.0399780273438, "rollout/ep_rew_mean": 3295.5, "rollout/exploration_rate": 0.05000000074505806, "time/fps": 104.0, "_runtime": 9563.173110246658, "_step": 5954, "train/learning_rate": 9.999999747378752e-05, "train/loss": 0.09792787581682205, "_wandb": {"runtime": 9565}}