{"global_step": 999988, "_timestamp": 1716474947.2751591, "rollout/ep_len_mean": 886.260009765625, "rollout/ep_rew_mean": 3492.300048828125, "rollout/exploration_rate": 0.05000000074505806, "time/fps": 91.0, "_runtime": 10910.096922159195, "_step": 6233, "train/learning_rate": 9.999999747378752e-05, "train/loss": 0.4100233316421509, "gradients/graph_2q_net.q_net.0.weight": {"_type": "histogram", "values": [2.0, 0.0, 1.0, 1.0, 1.0, 1.0, 1.0, 2.0, 0.0, 2.0, 5.0, 1.0, 4.0, 4.0, 3.0, 1.0, 9.0, 1.0, 3.0, 7.0, 8.0, 6.0, 9.0, 14.0, 9.0, 9.0, 21.0, 26.0, 42.0, 50.0, 47.0, 8543.0, 103.0, 45.0, 48.0, 35.0, 25.0, 26.0, 15.0, 12.0, 10.0, 8.0, 11.0, 4.0, 5.0, 3.0, 2.0, 2.0, 1.0, 2.0, 5.0, 1.0, 1.0, 2.0, 3.0, 3.0, 5.0, 3.0, 2.0, 0.0, 0.0, 0.0, 0.0, 1.0], "bins": [-0.45883798599243164, -0.4444884955883026, -0.4301390051841736, -0.41578951478004456, -0.4014400243759155, -0.3870905339717865, -0.37274104356765747, -0.35839155316352844, -0.3440420627593994, -0.3296925723552704, -0.31534308195114136, -0.30099359154701233, -0.2866441011428833, -0.2722946107387543, -0.25794512033462524, -0.24359562993049622, -0.2292461395263672, -0.21489664912223816, -0.20054715871810913, -0.1861976683139801, -0.17184817790985107, -0.15749868750572205, -0.14314919710159302, -0.128799706697464, -0.11445021629333496, -0.10010072588920593, -0.0857512354850769, -0.07140174508094788, -0.05705225467681885, -0.04270276427268982, -0.02835327386856079, -0.014003783464431763, 0.00034567713737487793, 0.014695167541503906, 0.029044657945632935, 0.04339414834976196, 0.05774363875389099, 0.07209312915802002, 0.08644261956214905, 0.10079210996627808, 0.1151416003704071, 0.12949109077453613, 0.14384058117866516, 0.1581900715827942, 0.17253956198692322, 0.18688905239105225, 0.20123854279518127, 0.2155880331993103, 0.22993752360343933, 0.24428701400756836, 0.2586365044116974, 0.2729859948158264, 0.28733548521995544, 0.3016849756240845, 0.3160344660282135, 0.33038395643234253, 0.34473344683647156, 0.3590829372406006, 0.3734324276447296, 0.38778191804885864, 0.40213140845298767, 0.4164808988571167, 0.4308303892612457, 0.44517987966537476, 0.4595293700695038]}, "gradients/graph_2q_net.q_net.0.bias": {"_type": "histogram", "values": [2.0, 0.0, 0.0, 0.0, 0.0, 0.0, 0.0, 0.0, 1.0, 0.0, 1.0, 0.0, 0.0, 0.0, 1.0, 0.0, 0.0, 0.0, 0.0, 0.0, 0.0, 0.0, 0.0, 0.0, 0.0, 0.0, 1.0, 0.0, 0.0, 0.0, 0.0, 0.0, 1.0, 0.0, 0.0, 0.0, 0.0, 6.0, 0.0, 0.0, 0.0, 0.0, 0.0, 0.0, 0.0, 0.0, 0.0, 0.0, 0.0, 0.0, 2.0, 0.0, 0.0, 0.0, 1.0, 0.0, 0.0, 0.0, 0.0, 1.0, 0.0, 0.0, 0.0, 1.0], "bins": [-0.029790788888931274, -0.028991948813199997, -0.02819310873746872, -0.027394266799092293, -0.026595426723361015, -0.025796586647629738, -0.02499774470925331, -0.024198904633522034, -0.023400064557790756, -0.02260122448205948, -0.0218023844063282, -0.021003542467951775, -0.020204702392220497, -0.01940586231648922, -0.018607020378112793, -0.017808180302381516, -0.017009340226650238, -0.01621050015091896, -0.015411659143865108, -0.014612818136811256, -0.013813978061079979, -0.013015137985348701, -0.012216296046972275, -0.011417455971240997, -0.01061861589550972, -0.009819775819778442, -0.009020935744047165, -0.008222093805670738, -0.007423253729939461, -0.006624413654208183, -0.005825571715831757, -0.005026731640100479, -0.004227891564369202, -0.003429051488637924, -0.0026302114129066467, -0.00183136947453022, -0.0010325293987989426, -0.0002336893230676651, 0.0005651526153087616, 0.001363992691040039, 0.0021628327667713165, 0.002961672842502594, 0.0037605129182338715, 0.004559354856610298, 0.005358194932341576, 0.006157035008072853, 0.006955876015126705, 0.007754717022180557, 0.008553557097911835, 0.009352397173643112, 0.010151238180696964, 0.010950079187750816, 0.011748919263482094, 0.012547759339213371, 0.013346600346267223, 0.014145441353321075, 0.014944281429052353, 0.01574312150478363, 0.016541961580514908, 0.017340803518891335, 0.018139643594622612, 0.01893848367035389, 0.019737325608730316, 0.020536165684461594, 0.02133500576019287]}, "gradients/graph_2q_net.features_extractor.linear.0.weight": {"_type": "histogram", "values": [3.0, 0.0, 0.0, 0.0, 2.0, 1.0, 2.0, 3.0, 5.0, 5.0, 4.0, 13.0, 17.0, 23.0, 32.0, 64.0, 88.0, 116.0, 184.0, 260.0, 345.0, 494.0, 782.0, 1125.0, 1893.0, 3139.0, 5453.0, 9623.0, 17874.0, 36112.0, 1433203.0, 53585.0, 19214.0, 9355.0, 4928.0, 2942.0, 1795.0, 986.0, 621.0, 402.0, 287.0, 180.0, 125.0, 89.0, 57.0, 48.0, 49.0, 28.0, 18.0, 15.0, 8.0, 6.0, 3.0, 7.0, 8.0, 1.0, 2.0, 3.0, 0.0, 2.0, 1.0, 0.0, 1.0, 1.0], "bins": [-0.02002694644033909, -0.01937546581029892, -0.0187239833176136, -0.018072502687573433, -0.017421022057533264, -0.016769539564847946, -0.016118058934807777, -0.015466578304767609, -0.014815096743404865, -0.014163615182042122, -0.013512134552001953, -0.01286065299063921, -0.012209171429276466, -0.011557690799236298, -0.010906209237873554, -0.010254728607833385, -0.009603247046470642, -0.008951765485107899, -0.00830028485506773, -0.007648803293704987, -0.006997322663664818, -0.006345841102302074, -0.005694359540939331, -0.005042878910899162, -0.004391396418213844, -0.0037399157881736755, -0.0030884351581335068, -0.002436954528093338, -0.00178547203540802, -0.0011339914053678513, -0.0004825107753276825, 0.0001689717173576355, 0.0008204542100429535, 0.0014719348400831223, 0.0021234173327684402, 0.002774897962808609, 0.0034263785928487778, 0.004077861085534096, 0.0047293417155742645, 0.005380822345614433, 0.006032302975654602, 0.00668378546833992, 0.007335266098380089, 0.007986747659742832, 0.008638229221105576, 0.009289709851145744, 0.009941191412508488, 0.010592672042548656, 0.0112441536039114, 0.011895635165274143, 0.012547115795314312, 0.013198597356677055, 0.013850077986717224, 0.014501559548079967, 0.015153041109442711, 0.01580452173948288, 0.016456004232168198, 0.017107484862208366, 0.017758965492248535, 0.018410447984933853, 0.019061928614974022, 0.01971340924501419, 0.02036488987505436, 0.021016372367739677, 0.021667852997779846]}, "gradients/graph_2q_net.features_extractor.linear.0.bias": {"_type": "histogram", "values": [1.0, 0.0, 0.0, 0.0, 0.0, 2.0, 1.0, 2.0, 0.0, 3.0, 3.0, 1.0, 3.0, 3.0, 4.0, 1.0, 1.0, 6.0, 1.0, 2.0, 3.0, 4.0, 4.0, 3.0, 8.0, 8.0, 6.0, 8.0, 9.0, 352.0, 11.0, 10.0, 10.0, 5.0, 4.0, 2.0, 3.0, 6.0, 3.0, 5.0, 1.0, 0.0, 1.0, 2.0, 2.0, 3.0, 0.0, 2.0, 0.0, 1.0, 1.0, 0.0, 0.0, 0.0, 0.0, 0.0, 0.0, 0.0, 0.0, 0.0, 0.0, 0.0, 0.0, 1.0], "bins": [-0.006364025175571442, -0.006146206054836512, -0.005928386934101582, -0.0057105678133666515, -0.0054927486926317215, -0.0052749295718967915, -0.005057110451161861, -0.004839291330426931, -0.004621472209692001, -0.004403653088957071, -0.004185833968222141, -0.003968014847487211, -0.003750195726752281, -0.003532376606017351, -0.003314557485282421, -0.003096738364547491, -0.002878919243812561, -0.002661100123077631, -0.002443281002342701, -0.002225461881607771, -0.002007642760872841, -0.0017898236401379108, -0.0015720045194029808, -0.0013541853986680508, -0.0011363662779331207, -0.0009185471571981907, -0.0007007280364632607, -0.0004829089157283306, -0.0002650897949934006, -4.7270674258470535e-05, 0.0001705484464764595, 0.00038836756721138954, 0.0006061866879463196, 0.0008240058086812496, 0.0010418249294161797, 0.0012596440501511097, 0.0014774631708860397, 0.0016952822916209698, 0.0019131014123558998, 0.00213092053309083, 0.00234873965382576, 0.00256655877456069, 0.00278437789529562, 0.00300219701603055, 0.00322001613676548, 0.00343783525750041, 0.00365565437823534, 0.00387347349897027, 0.0040912926197052, 0.00430911174044013, 0.00452693086117506, 0.00474474998190999, 0.00496256910264492, 0.00518038822337985, 0.00539820734411478, 0.0056160264648497105, 0.0058338455855846405, 0.0060516647063195705, 0.006269483827054501, 0.006487302947789431, 0.006705122068524361, 0.006922941189259291, 0.007140760309994221, 0.007358579430729151, 0.007576398551464081]}, "gradients/graph_2q_net.features_extractor.cnn.4.weight": {"_type": "histogram",