{"global_step": 998957, "_timestamp": 1717682651.247709, "rollout/exploration_rate": 0.05000000074505806, "time/fps": 101.0, "train/learning_rate": 9.999999747378752e-05, "train/loss": 5.0868635177612305, "_runtime": 9864.359965085983, "_step": 414, "gradients/q_net.q_net.0.weight": {"_type": "histogram", "values": [3.0, 1.0, 1.0, 3.0, 3.0, 1.0, 0.0, 1.0, 1.0, 0.0, 1.0, 0.0, 0.0, 1.0, 2.0, 1.0, 2.0, 0.0, 3.0, 2.0, 3.0, 3.0, 4.0, 4.0, 8.0, 3.0, 7.0, 3.0, 3.0, 3.0, 8.0, 5.0, 5.0, 11.0, 16.0, 24.0, 17.0, 21.0, 8892.0, 23.0, 25.0, 13.0, 14.0, 18.0, 13.0, 6.0, 5.0, 5.0, 7.0, 6.0, 4.0, 2.0, 2.0, 4.0, 2.0, 0.0, 0.0, 0.0, 0.0, 0.0, 0.0, 0.0, 0.0, 1.0], "bins": [-9.063416481018066, -8.824946403503418, -8.586477279663086, -8.348007202148438, -8.109537124633789, -7.871067523956299, -7.632597923278809, -7.39412784576416, -7.155657768249512, -6.9171881675720215, -6.678718566894531, -6.440248489379883, -6.201778888702393, -5.963309288024902, -5.724839210510254, -5.4863691329956055, -5.247899532318115, -5.009429931640625, -4.770959854125977, -4.532490253448486, -4.294020175933838, -4.055550575256348, -3.817080497741699, -3.578610897064209, -3.3401412963867188, -3.1016712188720703, -2.86320161819458, -2.6247315406799316, -2.3862619400024414, -2.147791862487793, -1.9093222618103027, -1.6708521842956543, -1.4323821067810059, -1.1939125061035156, -0.9554424285888672, -0.716972827911377, -0.4785027503967285, -0.24003314971923828, -0.0015630722045898438, 0.2369065284729004, 0.47537660598754883, 0.7138462066650391, 0.9523158073425293, 1.1907858848571777, 1.429255485534668, 1.6677255630493164, 1.9061951637268066, 2.144665241241455, 2.3831348419189453, 2.6216046810150146, 2.860074520111084, 3.0985443592071533, 3.3370141983032227, 3.575483798980713, 3.8139536380767822, 4.052423477172852, 4.2908935546875, 4.52936315536499, 4.7678327560424805, 5.006302833557129, 5.244772434234619, 5.483242511749268, 5.721712112426758, 5.960182189941406, 6.1986517906188965]}, "gradients/q_net.q_net.0.bias": {"_type": "histogram", "values": [1.0, 0.0, 0.0, 0.0, 0.0, 0.0, 0.0, 0.0, 0.0, 0.0, 0.0, 0.0, 0.0, 0.0, 0.0, 0.0, 0.0, 1.0, 0.0, 0.0, 0.0, 0.0, 0.0, 0.0, 0.0, 0.0, 0.0, 4.0, 0.0, 0.0, 0.0, 0.0, 0.0, 0.0, 0.0, 0.0, 0.0, 1.0, 0.0, 0.0, 0.0, 0.0, 0.0, 6.0, 0.0, 0.0, 1.0, 0.0, 0.0, 0.0, 0.0, 1.0, 0.0, 0.0, 1.0, 0.0, 0.0, 0.0, 0.0, 1.0, 0.0, 0.0, 0.0, 1.0], "bins": [-0.08580535650253296, -0.08384576439857483, -0.0818861722946167, -0.07992657274007797, -0.07796698063611984, -0.07600738853216171, -0.07404778897762299, -0.07208819687366486, -0.07012860476970673, -0.0681690126657486, -0.06620942056179047, -0.06424982100725174, -0.06229022890329361, -0.06033063679933548, -0.05837104097008705, -0.05641144514083862, -0.05445185303688049, -0.05249226093292236, -0.050532665103673935, -0.04857306927442551, -0.04661347717046738, -0.04465388506650925, -0.04269428923726082, -0.04073469340801239, -0.03877510130405426, -0.03681550920009613, -0.0348559133708477, -0.032896317541599274, -0.030936725437641144, -0.028977133333683014, -0.027017537504434586, -0.025057941675186157, -0.023098349571228027, -0.021138757467269897, -0.01917916163802147, -0.01721956580877304, -0.015259973704814911, -0.013300381600856781, -0.011340785771608353, -0.009381189942359924, -0.007421597838401794, -0.0054620057344436646, -0.003502409905195236, -0.0015428140759468079, 0.000416778028011322, 0.002376370131969452, 0.00433596596121788, 0.006295561790466309, 0.008255153894424438, 0.010214747861027718, 0.012174341827630997, 0.014133935794234276, 0.016093529760837555, 0.018053123727440834, 0.020012717694044113, 0.021972311660647392, 0.02393190562725067, 0.02589149959385395, 0.02785109356045723, 0.02981068752706051, 0.03177028149366379, 0.03372987359762192, 0.035689469426870346, 0.037649065256118774, 0.039608657360076904]}, "gradients/q_net.features_extractor.linear.0.weight": {"_type": "histogram", "values": [1.0, 0.0, 0.0, 0.0, 1.0, 0.0, 0.0, 3.0, 5.0, 8.0, 5.0, 10.0, 11.0, 21.0, 38.0, 45.0, 72.0, 123.0, 205.0, 333.0, 563.0, 976.0, 1761.0, 3520.0, 6517.0, 14630.0, 1542260.0, 23611.0, 5907.0, 2210.0, 1183.0, 610.0, 356.0, 241.0, 154.0, 85.0, 56.0, 28.0, 19.0, 13.0, 15.0, 4.0, 5.0, 10.0, 5.0, 5.0, 2.0, 1.0, 0.0, 0.0, 0.0, 0.0, 1.0, 1.0, 0.0, 0.0, 0.0, 1.0, 0.0, 0.0, 0.0, 0.0, 0.0, 1.0], "bins": [-0.7218282222747803, -0.6946977972984314, -0.6675673723220825, -0.6404368877410889, -0.61330646276474, -0.5861760377883911, -0.5590456128120422, -0.5319151878356934, -0.5047847032546997, -0.47765427827835083, -0.45052385330200195, -0.4233934283256531, -0.3962630033493042, -0.36913254857063293, -0.34200212359428406, -0.3148716688156128, -0.2877412438392639, -0.26061081886291504, -0.23348036408424377, -0.2063499093055725, -0.17921948432922363, -0.15208905935287476, -0.12495863437652588, -0.097828209400177, -0.07069778442382812, -0.04356729984283447, -0.016436874866485596, 0.010693550109863281, 0.03782397508621216, 0.06495440006256104, 0.09208488464355469, 0.11921530961990356, 0.14634573459625244, 0.17347615957260132, 0.2006065845489502, 0.22773706912994385, 0.2548674941062927, 0.2819979190826416, 0.3091283440589905, 0.33625876903533936, 0.363389253616333, 0.3905196785926819, 0.41765010356903076, 0.44478052854537964, 0.4719109535217285, 0.4990413784980774, 0.5261718034744263, 0.5533022880554199, 0.5804327130317688, 0.6075631380081177, 0.6346936225891113, 0.6618239879608154, 0.6889544725418091, 0.716084897518158, 0.7432153224945068, 0.7703457474708557, 0.7974761724472046, 0.8246066570281982, 0.8517370820045471, 0.878867506980896, 0.9059979319572449, 0.9331283569335938, 0.9602588415145874, 0.9873892664909363, 1.0145196914672852]}, "gradients/q_net.features_extractor.linear.0.bias": {"_type": "histogram", "values": [2.0, 0.0, 0.0, 0.0, 0.0, 0.0, 0.0, 0.0, 0.0, 1.0, 0.0, 1.0, 2.0, 2.0, 0.0, 1.0, 4.0, 4.0, 3.0, 2.0, 0.0, 1.0, 3.0, 3.0, 3.0, 435.0, 7.0, 14.0, 12.0, 2.0, 2.0, 0.0, 2.0, 0.0, 1.0, 0.0, 1.0, 0.0, 0.0, 0.0, 2.0, 0.0, 0.0, 0.0, 0.0, 1.0, 0.0, 0.0, 0.0, 0.0, 0.0, 0.0, 0.0, 0.0, 0.0, 0.0, 0.0, 0.0, 0.0, 0.0, 0.0, 0.0, 0.0, 1.0], "bins": [-0.027096087113022804, -0.026023924350738525, -0.024951763451099396, -0.023879600688815117, -0.022807439789175987, -0.02173527702689171, -0.02066311612725258, -0.0195909533649683, -0.01851879060268402, -0.01744662970304489, -0.01637446880340576, -0.015302306041121483, -0.014230143278837204, -0.0131579814478755, -0.012085819616913795, -0.011013658717274666, -0.009941495954990387, -0.008869333192706108, -0.0077971722930669785, -0.0067250095307827, -0.00565284863114357, -0.004580685868859291, -0.0035085249692201614, -0.0024363622069358826, -0.0013641994446516037, -0.00029203854501247406, 0.0007801242172718048, 0.0018522851169109344, 0.0029244478791952133, 0.003996608778834343, 0.005068769678473473, 0.006140934303402901, 0.0072130970656871796, 0.00828525796532631, 0.009357422590255737, 0.010429583489894867, 0.011501744389533997, 0.012573907151818275, 0.013646068051457405, 0.014718230813741684, 0.015790391713380814, 0.016862554475665092, 0.01793471723794937, 0.0190068781375885, 0.02007904089987278, 0.02115120179951191, 0.02222336456179619, 0.023295525461435318, 0.024367688223719597, 0.025439850986003876, 0.026512011885643005, 0.027584172785282135, 0.028656335547566414, 0.029728498309850693, 0.030800659209489822, 0.03187282383441925, 0.03294498473405838, 0.03401714563369751, 0.03508930653333664, 0.03616147115826607, 0.0372336320579052, 0.03830579295754433, 0.039377953857183456, 0.040450118482112885, 0.041522279381752014]}, "gradients/q_net.features_extractor.cnn.4.weight": {"_type": "histogram", "values": [1.0, 1.0, 1.0, 2.0, 2.0, 3.0, 4.0, 2.0, 2.0, 2.0, 2.0, 6.0, 4.0, 1.0, 6.0, 21.0, 22.0, 16.0, 24.0, 33.0, 41.0, 63.0, 72.0, 78.0, 103.0, 148.0, 170.0, 210.0, 259.0, 350.0, 425.0, 527.0, 587.0, 799.0, 1045.0, 1290.0, 1689.0, 1912.0, 2280.0, 2733.0, 3049.0, 10440.0, 2369.0, 1772.0, 1282.0, 905.0, 684.0, 445.0, 308.0, 214.0, 151.0, 89.0, 55.0, 43.0, 38.0, 31.0, 13.0, 14.0, 8.0, 6.0, 4.0, 4.0, 3.0, 1.0],