{"PPO_avg_reward": 0.0, "_timestamp": 1715796134.554344, "_runtime": 476.74546790122986, "_step": 0, "_wandb": {"runtime": 559}}